{
    "[0.0, 0.0, 1.0]": [
        87,
        261,
        0.3333333333333333
    ],
    "[0.0, 0.05, 0.95]": [
        96,
        261,
        0.367816091954023
    ],
    "[0.0, 0.1, 0.9]": [
        97,
        261,
        0.3716475095785441
    ],
    "[0.0, 0.15, 0.85]": [
        97,
        261,
        0.3716475095785441
    ],
    "[0.0, 0.2, 0.8]": [
        97,
        261,
        0.3716475095785441
    ],
    "[0.0, 0.25, 0.75]": [
        97,
        261,
        0.3716475095785441
    ],
    "[0.0, 0.3, 0.7]": [
        97,
        261,
        0.3716475095785441
    ],
    "[0.0, 0.35, 0.65]": [
        97,
        261,
        0.3716475095785441
    ],
    "[0.0, 0.4, 0.6]": [
        97,
        261,
        0.3716475095785441
    ],
    "[0.0, 0.45, 0.55]": [
        97,
        261,
        0.3716475095785441
    ],
    "[0.0, 0.5, 0.5]": [
        97,
        261,
        0.3716475095785441
    ],
    "[0.0, 0.55, 0.45]": [
        97,
        261,
        0.3716475095785441
    ],
    "[0.0, 0.6, 0.4]": [
        97,
        261,
        0.3716475095785441
    ],
    "[0.0, 0.65, 0.35]": [
        97,
        261,
        0.3716475095785441
    ],
    "[0.0, 0.7, 0.3]": [
        97,
        261,
        0.3716475095785441
    ],
    "[0.0, 0.75, 0.25]": [
        97,
        261,
        0.3716475095785441
    ],
    "[0.0, 0.8, 0.2]": [
        96,
        261,
        0.367816091954023
    ],
    "[0.0, 0.85, 0.15]": [
        99,
        261,
        0.3793103448275862
    ],
    "[0.0, 0.9, 0.1]": [
        99,
        261,
        0.3793103448275862
    ],
    "[0.0, 0.95, 0.05]": [
        102,
        261,
        0.39080459770114945
    ],
    "[0.0, 1.0, 0.0]": [
        84,
        261,
        0.3218390804597701
    ],
    "[0.05, 0.0, 0.95]": [
        96,
        261,
        0.367816091954023
    ],
    "[0.05, 0.05, 0.9]": [
        97,
        261,
        0.3716475095785441
    ],
    "[0.05, 0.1, 0.85]": [
        96,
        261,
        0.367816091954023
    ],
    "[0.05, 0.15, 0.8]": [
        97,
        261,
        0.3716475095785441
    ],
    "[0.05, 0.2, 0.75]": [
        97,
        261,
        0.3716475095785441
    ],
    "[0.05, 0.25, 0.7]": [
        97,
        261,
        0.3716475095785441
    ],
    "[0.05, 0.3, 0.65]": [
        97,
        261,
        0.3716475095785441
    ],
    "[0.05, 0.35, 0.6]": [
        97,
        261,
        0.3716475095785441
    ],
    "[0.05, 0.4, 0.55]": [
        97,
        261,
        0.3716475095785441
    ],
    "[0.05, 0.45, 0.5]": [
        96,
        261,
        0.367816091954023
    ],
    "[0.05, 0.5, 0.45]": [
        97,
        261,
        0.3716475095785441
    ],
    "[0.05, 0.55, 0.4]": [
        97,
        261,
        0.3716475095785441
    ],
    "[0.05, 0.6, 0.35]": [
        101,
        261,
        0.38697318007662834
    ],
    "[0.05, 0.65, 0.3]": [
        102,
        261,
        0.39080459770114945
    ],
    "[0.05, 0.7, 0.25]": [
        99,
        261,
        0.3793103448275862
    ],
    "[0.05, 0.75, 0.2]": [
        102,
        261,
        0.39080459770114945
    ],
    "[0.05, 0.8, 0.15]": [
        104,
        261,
        0.39846743295019155
    ],
    "[0.05, 0.85, 0.1]": [
        105,
        261,
        0.40229885057471265
    ],
    "[0.05, 0.9, 0.05]": [
        105,
        261,
        0.40229885057471265
    ],
    "[0.05, 0.95, 0.0]": [
        88,
        261,
        0.3371647509578544
    ],
    "[0.1, 0.0, 0.9]": [
        96,
        261,
        0.367816091954023
    ],
    "[0.1, 0.05, 0.85]": [
        97,
        261,
        0.3716475095785441
    ],
    "[0.1, 0.1, 0.8]": [
        97,
        261,
        0.3716475095785441
    ],
    "[0.1, 0.15, 0.75]": [
        96,
        261,
        0.367816091954023
    ],
    "[0.1, 0.2, 0.7]": [
        97,
        261,
        0.3716475095785441
    ],
    "[0.1, 0.25, 0.65]": [
        97,
        261,
        0.3716475095785441
    ],
    "[0.1, 0.3, 0.6]": [
        97,
        261,
        0.3716475095785441
    ],
    "[0.1, 0.35, 0.55]": [
        97,
        261,
        0.3716475095785441
    ],
    "[0.1, 0.4, 0.5]": [
        101,
        261,
        0.38697318007662834
    ],
    "[0.1, 0.45, 0.45]": [
        101,
        261,
        0.38697318007662834
    ],
    "[0.1, 0.5, 0.4]": [
        102,
        261,
        0.39080459770114945
    ],
    "[0.1, 0.55, 0.35]": [
        102,
        261,
        0.39080459770114945
    ],
    "[0.1, 0.6, 0.3]": [
        101,
        261,
        0.38697318007662834
    ],
    "[0.1, 0.65, 0.25]": [
        102,
        261,
        0.39080459770114945
    ],
    "[0.1, 0.7, 0.2]": [
        106,
        261,
        0.4061302681992337
    ],
    "[0.1, 0.75, 0.15]": [
        105,
        261,
        0.40229885057471265
    ],
    "[0.1, 0.8, 0.1]": [
        129,
        261,
        0.4942528735632184
    ],
    "[0.1, 0.85, 0.05]": [
        123,
        261,
        0.47126436781609193
    ],
    "[0.1, 0.9, 0.0]": [
        124,
        261,
        0.47509578544061304
    ],
    "[0.15, 0.0, 0.85]": [
        96,
        261,
        0.367816091954023
    ],
    "[0.15, 0.05, 0.8]": [
        96,
        261,
        0.367816091954023
    ],
    "[0.15, 0.1, 0.75]": [
        97,
        261,
        0.3716475095785441
    ],
    "[0.15, 0.15, 0.7]": [
        97,
        261,
        0.3716475095785441
    ],
    "[0.15, 0.2, 0.65]": [
        101,
        261,
        0.38697318007662834
    ],
    "[0.15, 0.25, 0.6]": [
        101,
        261,
        0.38697318007662834
    ],
    "[0.15, 0.3, 0.55]": [
        101,
        261,
        0.38697318007662834
    ],
    "[0.15, 0.35, 0.5]": [
        102,
        261,
        0.39080459770114945
    ],
    "[0.15, 0.4, 0.45]": [
        101,
        261,
        0.38697318007662834
    ],
    "[0.15, 0.45, 0.4]": [
        102,
        261,
        0.39080459770114945
    ],
    "[0.15, 0.5, 0.35]": [
        102,
        261,
        0.39080459770114945
    ],
    "[0.15, 0.55, 0.3]": [
        103,
        261,
        0.3946360153256705
    ],
    "[0.15, 0.6, 0.25]": [
        129,
        261,
        0.4942528735632184
    ],
    "[0.15, 0.65, 0.2]": [
        130,
        261,
        0.49808429118773945
    ],
    "[0.15, 0.7, 0.15]": [
        131,
        261,
        0.5019157088122606
    ],
    "[0.15, 0.75, 0.1]": [
        127,
        261,
        0.48659003831417624
    ],
    "[0.15, 0.8, 0.05]": [
        130,
        261,
        0.49808429118773945
    ],
    "[0.15, 0.85, 0.0]": [
        145,
        261,
        0.5555555555555556
    ],
    "[0.2, 0.0, 0.8]": [
        100,
        261,
        0.3831417624521073
    ],
    "[0.2, 0.05, 0.75]": [
        101,
        261,
        0.38697318007662834
    ],
    "[0.2, 0.1, 0.7]": [
        99,
        261,
        0.3793103448275862
    ],
    "[0.2, 0.15, 0.65]": [
        101,
        261,
        0.38697318007662834
    ],
    "[0.2, 0.2, 0.6]": [
        102,
        261,
        0.39080459770114945
    ],
    "[0.2, 0.25, 0.55]": [
        103,
        261,
        0.3946360153256705
    ],
    "[0.2, 0.3, 0.5]": [
        102,
        261,
        0.39080459770114945
    ],
    "[0.2, 0.35, 0.45]": [
        127,
        261,
        0.48659003831417624
    ],
    "[0.2, 0.4, 0.4]": [
        127,
        261,
        0.48659003831417624
    ],
    "[0.2, 0.45, 0.35]": [
        127,
        261,
        0.48659003831417624
    ],
    "[0.2, 0.5, 0.3]": [
        130,
        261,
        0.49808429118773945
    ],
    "[0.2, 0.55, 0.25]": [
        130,
        261,
        0.49808429118773945
    ],
    "[0.2, 0.6, 0.2]": [
        131,
        261,
        0.5019157088122606
    ],
    "[0.2, 0.65, 0.15]": [
        131,
        261,
        0.5019157088122606
    ],