{
    "[0.0, 0.0, 1.0]": [
        1,
        136,
        0.007352941176470588
    ],
    "[0.0, 0.05, 0.95]": [
        9,
        136,
        0.0661764705882353
    ],
    "[0.0, 0.1, 0.9]": [
        9,
        136,
        0.0661764705882353
    ],
    "[0.0, 0.15, 0.85]": [
        9,
        136,
        0.0661764705882353
    ],
    "[0.0, 0.2, 0.8]": [
        9,
        136,
        0.0661764705882353
    ],
    "[0.0, 0.25, 0.75]": [
        9,
        136,
        0.0661764705882353
    ],
    "[0.0, 0.3, 0.7]": [
        9,
        136,
        0.0661764705882353
    ],
    "[0.0, 0.35, 0.65]": [
        9,
        136,
        0.0661764705882353
    ],
    "[0.0, 0.4, 0.6]": [
        9,
        136,
        0.0661764705882353
    ],
    "[0.0, 0.45, 0.55]": [
        9,
        136,
        0.0661764705882353
    ],
    "[0.0, 0.5, 0.5]": [
        9,
        136,
        0.0661764705882353
    ],
    "[0.0, 0.55, 0.45]": [
        9,
        136,
        0.0661764705882353
    ],
    "[0.0, 0.6, 0.4]": [
        9,
        136,
        0.0661764705882353
    ],
    "[0.0, 0.65, 0.35]": [
        9,
        136,
        0.0661764705882353
    ],
    "[0.0, 0.7, 0.3]": [
        9,
        136,
        0.0661764705882353
    ],
    "[0.0, 0.75, 0.25]": [
        9,
        136,
        0.0661764705882353
    ],
    "[0.0, 0.8, 0.2]": [
        9,
        136,
        0.0661764705882353
    ],
    "[0.0, 0.85, 0.15]": [
        9,
        136,
        0.0661764705882353
    ],
    "[0.0, 0.9, 0.1]": [
        9,
        136,
        0.0661764705882353
    ],
    "[0.0, 0.95, 0.05]": [
        9,
        136,
        0.0661764705882353
    ],
    "[0.0, 1.0, 0.0]": [
        9,
        136,
        0.0661764705882353
    ],
    "[0.05, 0.0, 0.95]": [
        6,
        136,
        0.04411764705882353
    ],
    "[0.05, 0.05, 0.9]": [
        9,
        136,
        0.0661764705882353
    ],
    "[0.05, 0.1, 0.85]": [
        9,
        136,
        0.0661764705882353
    ],
    "[0.05, 0.15, 0.8]": [
        9,
        136,
        0.0661764705882353
    ],
    "[0.05, 0.2, 0.75]": [
        10,
        136,
        0.07352941176470588
    ],
    "[0.05, 0.25, 0.7]": [
        10,
        136,
        0.07352941176470588
    ],
    "[0.05, 0.3, 0.65]": [
        11,
        136,
        0.08088235294117647
    ],
    "[0.05, 0.35, 0.6]": [
        11,
        136,
        0.08088235294117647
    ],
    "[0.05, 0.4, 0.55]": [
        11,
        136,
        0.08088235294117647
    ],
    "[0.05, 0.45, 0.5]": [
        12,
        136,
        0.08823529411764706
    ],
    "[0.05, 0.5, 0.45]": [
        12,
        136,
        0.08823529411764706
    ],
    "[0.05, 0.55, 0.4]": [
        12,
        136,
        0.08823529411764706
    ],
    "[0.05, 0.6, 0.35]": [
        13,
        136,
        0.09558823529411764
    ],
    "[0.05, 0.65, 0.3]": [
        13,
        136,
        0.09558823529411764
    ],
    "[0.05, 0.7, 0.25]": [
        13,
        136,
        0.09558823529411764
    ],
    "[0.05, 0.75, 0.2]": [
        13,
        136,
        0.09558823529411764
    ],
    "[0.05, 0.8, 0.15]": [
        15,
        136,
        0.11029411764705882
    ],
    "[0.05, 0.85, 0.1]": [
        21,
        136,
        0.15441176470588236
    ],
    "[0.05, 0.9, 0.05]": [
        41,
        136,
        0.3014705882352941
    ],
    "[0.05, 0.95, 0.0]": [
        89,
        136,
        0.6544117647058824
    ],
    "[0.1, 0.0, 0.9]": [
        9,
        136,
        0.0661764705882353
    ],
    "[0.1, 0.05, 0.85]": [
        12,
        136,
        0.08823529411764706
    ],
    "[0.1, 0.1, 0.8]": [
        13,
        136,
        0.09558823529411764
    ],
    "[0.1, 0.15, 0.75]": [
        13,
        136,
        0.09558823529411764
    ],
    "[0.1, 0.2, 0.7]": [
        13,
        136,
        0.09558823529411764
    ],
    "[0.1, 0.25, 0.65]": [
        13,
        136,
        0.09558823529411764
    ],
    "[0.1, 0.3, 0.6]": [
        13,
        136,
        0.09558823529411764
    ],
    "[0.1, 0.35, 0.55]": [
        13,
        136,
        0.09558823529411764
    ],
    "[0.1, 0.4, 0.5]": [
        13,
        136,
        0.09558823529411764
    ],
    "[0.1, 0.45, 0.45]": [
        13,
        136,
        0.09558823529411764
    ],
    "[0.1, 0.5, 0.4]": [
        13,
        136,
        0.09558823529411764
    ],
    "[0.1, 0.55, 0.35]": [
        14,
        136,
        0.10294117647058823
    ],
    "[0.1, 0.6, 0.3]": [
        15,
        136,
        0.11029411764705882
    ],
    "[0.1, 0.65, 0.25]": [
        19,
        136,
        0.13970588235294118
    ],
    "[0.1, 0.7, 0.2]": [
        28,
        136,
        0.20588235294117646
    ],
    "[0.1, 0.75, 0.15]": [
        33,
        136,
        0.2426470588235294
    ],
    "[0.1, 0.8, 0.1]": [
        53,
        136,
        0.3897058823529412
    ],
    "[0.1, 0.85, 0.05]": [
        83,
        136,
        0.6102941176470589
    ],
    "[0.1, 0.9, 0.0]": [
        132,
        136,
        0.9705882352941176
    ],
    "[0.15, 0.0, 0.85]": [
        10,
        136,
        0.07352941176470588
    ],
    "[0.15, 0.05, 0.8]": [
        13,
        136,
        0.09558823529411764
    ],
    "[0.15, 0.1, 0.75]": [
        13,
        136,
        0.09558823529411764
    ],
    "[0.15, 0.15, 0.7]": [
        13,
        136,
        0.09558823529411764
    ],
    "[0.15, 0.2, 0.65]": [
        13,
        136,
        0.09558823529411764
    ],
    "[0.15, 0.25, 0.6]": [
        13,
        136,
        0.09558823529411764
    ],
    "[0.15, 0.3, 0.55]": [
        14,
        136,
        0.10294117647058823
    ],
    "[0.15, 0.35, 0.5]": [
        14,
        136,
        0.10294117647058823
    ],
    "[0.15, 0.4, 0.45]": [
        15,
        136,
        0.11029411764705882
    ],
    "[0.15, 0.45, 0.4]": [
        20,
        136,
        0.14705882352941177
    ],
    "[0.15, 0.5, 0.35]": [
        21,
        136,
        0.15441176470588236
    ],
    "[0.15, 0.55, 0.3]": [
        28,
        136,
        0.20588235294117646
    ],
    "[0.15, 0.6, 0.25]": [
        31,
        136,
        0.22794117647058823
    ],
    "[0.15, 0.65, 0.2]": [
        39,
        136,
        0.2867647058823529
    ],
    "[0.15, 0.7, 0.15]": [
        57,
        136,
        0.41911764705882354
    ],
    "[0.15, 0.75, 0.1]": [
        82,
        136,
        0.6029411764705882
    ],
    "[0.15, 0.8, 0.05]": [
        100,
        136,
        0.7352941176470589
    ],
    "[0.15, 0.85, 0.0]": [
        136,
        136,
        1.0
    ],
    "[0.2, 0.0, 0.8]": [
        10,
        136,
        0.07352941176470588
    ],
    "[0.2, 0.05, 0.75]": [
        14,
        136,
        0.10294117647058823
    ],
    "[0.2, 0.1, 0.7]": [
        14,
        136,
        0.10294117647058823
    ],
    "[0.2, 0.15, 0.65]": [
        15,
        136,
        0.11029411764705882
    ],
    "[0.2, 0.2, 0.6]": [
        15,
        136,
        0.11029411764705882
    ],
    "[0.2, 0.25, 0.55]": [
        16,
        136,
        0.11764705882352941
    ],
    "[0.2, 0.3, 0.5]": [
        20,
        136,
        0.14705882352941177
    ],
    "[0.2, 0.35, 0.45]": [
        20,
        136,
        0.14705882352941177
    ],
    "[0.2, 0.4, 0.4]": [
        28,
        136,
        0.20588235294117646
    ],
    "[0.2, 0.45, 0.35]": [
        31,
        136,
        0.22794117647058823
    ],
    "[0.2, 0.5, 0.3]": [
        36,
        136,
        0.2647058823529412
    ],
    "[0.2, 0.55, 0.25]": [
        42,
        136,
        0.3088235294117647
    ],
    "[0.2, 0.6, 0.2]": [
        60,
        136,
        0.4411764705882353
    ],
    "[0.2, 0.65, 0.15]": [
        81,
        136,
        0.5955882352941176
    ],
    "[0.2, 0.75, 0.05]": [
        132,
        136,
        0.9705882352941176
    ],